호선,역 이름,ID,좌표Y,좌표X,시도,시군구,동
01호선,녹양,1908.0,37.75938,127.042292,경기도,의정부시,녹양동
01호선,남영,1002.0,37.541021,126.9713,서울특별시,용산구,남영동
01호선,용산,1003.0,37.529849,126.964561,서울특별시,용산구,한강로동
01호선,노량진,1004.0,37.514219,126.942454,서울특별시,동작구,노량진1동
01호선,대방,1005.0,37.513342,126.926382,서울특별시,영등포구,신길7동
01호선,영등포,1006.0,37.515504,126.907628,서울특별시,영등포구,영등포본동
01호선,신도림,1007.0,37.508725,126.891295,서울특별시,구로구,구로5동
01호선,회기,1015.0,37.58946,127.057583,서울특별시,동대문구,휘경1동
01호선,외대앞,1016.0,37.596073,127.063549,서울특별시,동대문구,이문1동
01호선,신이문,1017.0,37.601854,127.067325,서울특별시,동대문구,이문2동
01호선,광운대,1019.0,37.623632,127.061835,서울특별시,노원구,월계1동
01호선,월계,1020.0,37.633212,127.058831,서울특별시,노원구,월계2동
01호선,녹천,1021.0,37.644799,127.051269,서울특별시,도봉구,창1동
01호선,창동,1022.0,37.653166,127.047731,서울특별시,도봉구,창5동
01호선,신길,1032.0,37.517122,126.917169,서울특별시,영등포구,신길1동
01호선,석계,1018.0,37.614805,127.065851,서울특별시,성북구,석관동
01호선,봉명,1401.0,36.801215,127.135763,충청남도,천안시 동남구,봉명동
01호선,쌍용,1402.0,36.793759,127.1214,충청남도,천안시 서북구,쌍용2동
01호선,아산,1403.0,36.792053,127.104361,충청남도,아산시,배방읍
01호선,배방,1405.0,36.777629,127.052991,충청남도,아산시,배방읍
01호선,온양온천,1407.0,36.780483,127.003249,충청남도,아산시,온양2동
01호선,신창,1408.0,36.769502,126.951108,충청남도,아산시,신창면
01호선,구로,1701.0,37.503039,126.881966,서울특별시,구로구,구로5동
01호선,가산디지털단지,1702.0,37.481072,126.882343,서울특별시,금천구,가산동
01호선,금천구청,1703.0,37.455626,126.89398,서울특별시,금천구,시흥1동
01호선,관악,1705.0,37.419232,126.908706,경기도,안양시 만안구,석수2동
01호선,안양,1706.0,37.401592,126.922874,경기도,안양시 만안구,안양1동
01호선,명학,1707.0,37.384653,126.935433,경기도,안양시 만안구,안양6동
01호선,금정,1708.0,37.372221,126.943429,경기도,군포시,금정동
01호선,의왕,1710.0,37.320852,126.948217,경기도,의왕시,부곡동
01호선,성균관대,1711.0,37.300349,126.97075,경기도,수원시 장안구,율천동
01호선,석수,1704.0,37.435047,126.902295,경기도,안양시 만안구,석수2동
01호선,화서,1712.0,37.283862,126.989627,경기도,수원시 팔달구,화서2동
01호선,수원,1713.0,37.265974,126.999874,경기도,수원시 팔달구,매산동
01호선,독산,1714.0,37.466613,126.889249,서울특별시,금천구,가산동
01호선,세류,1715.0,37.245025,127.013222,경기도,수원시 권선구,세류2동
01호선,병점,1716.0,37.207503,127.032731,경기도,화성시,진안동
01호선,세마,1717.0,37.187533,127.04318,경기도,오산시,세마동
01호선,오산대,1718.0,37.168953,127.063197,경기도,오산시,신장동
01호선,송탄,1721.0,37.075696,127.054301,경기도,평택시,지산동
01호선,서정리,1722.0,37.056496,127.052819,경기도,평택시,중앙동
01호선,평택,1724.0,36.990726,127.085159,경기도,평택시,원평동
01호선,성환,1725.0,36.916076,127.126964,충청남도,천안시 서북구,성환읍
01호선,직산,1726.0,36.870593,127.143904,충청남도,천안시 서북구,직산읍
01호선,두정,1727.0,36.833705,127.14896,충청남도,천안시 서북구,부성1동
01호선,천안,1728.0,36.810005,127.146826,충청남도,천안시 동남구,중앙동
01호선,광명,1750.0,37.416182,126.884466,경기도,광명시,일직동
01호선,개봉,1801.0,37.494594,126.85868,서울특별시,구로구,개봉2동
01호선,오류동,1802.0,37.494526,126.845365,서울특별시,구로구,오류2동
01호선,역곡,1803.0,37.485178,126.811502,경기도,부천시,부천동
01호선,군포,1709.0,37.35356,126.948462,경기도,군포시,군포1동
01호선,당정,1729.0,37.344285,126.948345,경기도,군포시,군포1동
01호선,서동탄,1749.0,37.195504,127.051672,경기도,오산시,세마동
01호선,부천,1804.0,37.48405,126.782686,경기도,부천시,대산동
01호선,송내,1805.0,37.4876,126.753664,경기도,부천시,대산동
01호선,부평,1806.0,37.489493,126.724805,인천광역시,부평구,부평1동
01호선,백운,1807.0,37.483664,126.707704,인천광역시,부평구,부평3동
01호선,주안,1809.0,37.464941,126.679923,인천광역시,미추홀구,주안1동
01호선,제물포,1810.0,37.466769,126.656666,인천광역시,미추홀구,도화1동
01호선,동인천,1811.0,37.475276,126.632802,인천광역시,중구,동인천동
01호선,인천,1812.0,37.476691,126.616936,인천광역시,중구,개항동
01호선,구일,1813.0,37.496756,126.870793,서울특별시,구로구,구로2동
01호선,소사,1814.0,37.482753,126.79544,경기도,부천시,소사본동
01호선,부개,1815.0,37.488418,126.74109,인천광역시,부평구,부개1동
01호선,간석,1816.0,37.464737,126.694181,인천광역시,남동구,간석4동
01호선,도원,1817.0,37.468446,126.642706,인천광역시,미추홀구,숭의1.3동
01호선,온수,1821.0,37.492258,126.823388,서울특별시,구로구,수궁동
01호선,중동,1822.0,37.486562,126.764843,경기도,부천시,대산동
01호선,오산,1719.0,37.145885,127.06672,경기도,오산시,남촌동
01호선,진위,1720.0,37.109447,127.062278,경기도,평택시,진위면
01호선,동암,1808.0,37.471408,126.702896,인천광역시,부평구,십정2동
01호선,도화,1823.0,37.46607,126.668672,인천광역시,미추홀구,도화2.3동
01호선,방학,1901.0,37.667503,127.044273,서울특별시,도봉구,방학1동
01호선,도봉,1902.0,37.679563,127.045595,서울특별시,도봉구,도봉2동
01호선,도봉산,1903.0,37.689313,127.046222,서울특별시,도봉구,도봉2동
01호선,망월사,1904.0,37.709914,127.047455,경기도,의정부시,호원1동
01호선,회룡,1905.0,37.724846,127.046895,경기도,의정부시,호원2동
01호선,의정부,1906.0,37.738415,127.045958,경기도,의정부시,의정부1동
01호선,가능,1907.0,37.748577,127.044213,경기도,의정부시,가능동
01호선,양주,1909.0,37.774381,127.044708,경기도,양주시,양주1동
01호선,덕계,1910.0,37.818486,127.056486,경기도,양주시,회천2동
01호선,덕정,1911.0,37.843188,127.061277,경기도,양주시,회천1동
01호선,지행,1912.0,37.892334,127.055716,경기도,동두천시,송내동
01호선,동두천중앙,1913.0,37.901885,127.056482,경기도,동두천시,생연2동
01호선,동두천,1915.0,37.927878,127.05479,경기도,동두천시,소요동
01호선,보산,1914.0,37.913702,127.057277,경기도,동두천시,보산동
01호선,종로3가,153.0,37.571607,126.991806,서울특별시,종로구,종로1.2.3.4가동
01호선,종로5가,154.0,37.570926,127.001849,서울특별시,종로구,종로5.6가동
01호선,동대문,155.0,37.57142,127.009745,서울특별시,종로구,종로5.6가동
01호선,신설동,156.0,37.575297,127.025087,서울특별시,동대문구,용신동
01호선,제기동,157.0,37.578103,127.034893,서울특별시,동대문구,용신동
01호선,청량리,158.0,37.580178,127.046835,서울특별시,동대문구,전농1동
01호선,동묘앞,159.0,37.572627,127.016429,서울특별시,종로구,숭인2동
01호선,소요산,1916.0,37.9481,127.061034,경기도,동두천시,소요동
01호선,지제,1723.0,37.0188,127.070444,경기도,평택시,세교동
01호선,서울,150.0,37.554648,126.972559,서울특별시,중구,회현동
01호선,시청,151.0,37.564718,126.977108,서울특별시,중구,소공동
01호선,종각,152.0,37.570161,126.982923,서울특별시,종로구,종로1.2.3.4가동
02호선,강변,214.0,37.535095,127.094681,서울특별시,광진구,구의3동
02호선,잠실나루,215.0,37.520733,127.10379,서울특별시,송파구,잠실6동
02호선,잠실,216.0,37.51395,127.102234,서울특별시,송파구,잠실6동
02호선,잠실새내,217.0,37.511687,127.086162,서울특별시,송파구,잠실2동
02호선,종합운동장,218.0,37.510997,127.073642,서울특별시,송파구,잠실7동
02호선,삼성,219.0,37.508844,127.06316,서울특별시,강남구,대치2동
02호선,선릉,220.0,37.504503,127.049008,서울특별시,강남구,대치4동
02호선,역삼,221.0,37.500622,127.036456,서울특별시,강남구,역삼1동
02호선,강남,222.0,37.497175,127.027926,서울특별시,서초구,서초2동
02호선,교대,223.0,37.493415,127.01408,서울특별시,서초구,서초1동
02호선,방배,225.0,37.481426,126.997596,서울특별시,서초구,방배3동
02호선,사당,226.0,37.47653,126.981685,서울특별시,관악구,남현동
02호선,낙성대,227.0,37.47693,126.963693,서울특별시,관악구,인헌동
02호선,서울대입구,228.0,37.481247,126.952739,서울특별시,관악구,중앙동
02호선,봉천,229.0,37.482362,126.941892,서울특별시,관악구,청룡동
02호선,신림,230.0,37.484201,126.929715,서울특별시,관악구,서원동
02호선,신대방,231.0,37.487462,126.913149,서울특별시,관악구,신사동
02호선,구로디지털단지,232.0,37.485266,126.901401,서울특별시,구로구,구로3동
02호선,신도림,234.0,37.508725,126.891295,서울특별시,구로구,구로5동
02호선,문래,235.0,37.517933,126.89476,서울특별시,영등포구,문래동
02호선,영등포구청,236.0,37.52497,126.895951,서울특별시,영등포구,당산1동
02호선,용답,244.0,37.561904,127.050899,서울특별시,성동구,용답동
02호선,신정네거리,249.0,37.520074,126.852912,서울특별시,양천구,신정3동
02호선,을지로입구,202.0,37.566014,126.982618,서울특별시,중구,명동
02호선,을지로3가,203.0,37.566295,126.99191,서울특별시,중구,을지로동
02호선,을지로4가,204.0,37.566941,126.998079,서울특별시,중구,을지로동
02호선,동대문역사문화공원,205.0,37.565138,127.007896,서울특별시,중구,광희동
02호선,신당,206.0,37.565972,127.01782,서울특별시,중구,신당동
02호선,한양대,209.0,37.555273,127.043655,서울특별시,성동구,사근동
02호선,뚝섬,210.0,37.547184,127.047367,서울특별시,성동구,성수1가2동
02호선,성수,211.0,37.544581,127.055961,서울특별시,성동구,성수2가3동
02호선,건대입구,212.0,37.540693,127.07023,서울특별시,광진구,화양동
02호선,구의,213.0,37.537077,127.085916,서울특별시,광진구,자양2동
02호선,당산,237.0,37.53438,126.902281,서울특별시,영등포구,당산2동
02호선,합정,238.0,37.549463,126.913739,서울특별시,마포구,합정동
02호선,홍대입구,239.0,37.557192,126.925381,서울특별시,마포구,서교동
02호선,신촌,240.0,37.555134,126.936893,서울특별시,서대문구,신촌동
02호선,이대,241.0,37.556733,126.946013,서울특별시,마포구,대흥동
02호선,아현,242.0,37.557345,126.956141,서울특별시,마포구,아현동
02호선,충정로,243.0,37.559973,126.963672,서울특별시,서대문구,충현동
02호선,신답,245.0,37.57004,127.046481,서울특별시,성동구,용답동
02호선,까치산,200.0,37.531768,126.846683,서울특별시,강서구,화곡1동
02호선,시청,201.0,37.564718,126.977108,서울특별시,중구,소공동
02호선,서초,224.0,37.491897,127.007917,서울특별시,서초구,서초3동
02호선,왕십리,208.0,37.561533,127.037732,서울특별시,성동구,행당1동
02호선,상왕십리,207.0,37.564354,127.029354,서울특별시,성동구,왕십리2동
02호선,대림,233.0,37.49297,126.895801,서울특별시,영등포구,대림3동
02호선,신설동,246.0,37.575297,127.025087,서울특별시,동대문구,용신동
02호선,도림천,247.0,37.514287,126.882768,서울특별시,구로구,신도림동
02호선,양천구청,248.0,37.512398,126.865819,서울특별시,양천구,신정7동
02호선,용두,250.0,37.574028,127.038091,서울특별시,동대문구,용신동
03호선,양재,332.0,37.484147,127.034631,서울특별시,서초구,양재1동
03호선,매봉,333.0,37.486947,127.046769,서울특별시,강남구,도곡2동
03호선,도곡,334.0,37.490858,127.055381,서울특별시,강남구,도곡2동
03호선,대치,335.0,37.494612,127.063642,서울특별시,강남구,대치2동
03호선,학여울,336.0,37.496663,127.070594,서울특별시,강남구,대치2동
03호선,대청,337.0,37.493514,127.079532,서울특별시,강남구,일원2동
03호선,일원,338.0,37.483681,127.08439,서울특별시,강남구,일원본동
03호선,수서,339.0,37.487371,127.10188,서울특별시,강남구,수서동
03호선,동대입구,322.0,37.559052,127.005602,서울특별시,중구,장충동
03호선,금호,324.0,37.548034,127.015872,서울특별시,성동구,금호4가동
03호선,옥수,325.0,37.540685,127.017965,서울특별시,성동구,옥수동
03호선,압구정,326.0,37.527072,127.028461,서울특별시,강남구,압구정동
03호선,신사,327.0,37.516334,127.020114,서울특별시,강남구,논현1동
03호선,잠원,328.0,37.512759,127.01122,서울특별시,서초구,잠원동
03호선,고속터미널,329.0,37.50481,127.004943,서울특별시,서초구,반포4동
03호선,교대,330.0,37.493415,127.01408,서울특별시,서초구,서초1동
03호선,남부터미널,331.0,37.485013,127.016189,서울특별시,서초구,서초3동
03호선,경복궁,317.0,37.575762,126.97353,서울특별시,종로구,사직동
03호선,안국,318.0,37.576477,126.985443,서울특별시,종로구,종로1.2.3.4가동
03호선,종로3가,319.0,37.571607,126.991806,서울특별시,종로구,종로1.2.3.4가동
03호선,을지로3가,320.0,37.566295,126.99191,서울특별시,중구,을지로동
03호선,지축,309.0,37.648048,126.913951,경기도,고양시 덕양구,효자동
03호선,구파발,310.0,37.636763,126.918821,서울특별시,은평구,진관동
03호선,연신내,311.0,37.619001,126.921008,서울특별시,은평구,갈현1동
03호선,불광,312.0,37.610469,126.929887,서울특별시,은평구,대조동
03호선,녹번,313.0,37.600927,126.935756,서울특별시,은평구,녹번동
03호선,홍제,314.0,37.589066,126.943736,서울특별시,서대문구,홍제1동
03호선,무악재,315.0,37.582299,126.950291,서울특별시,서대문구,홍제1동
03호선,독립문,316.0,37.574571,126.957748,서울특별시,서대문구,천연동
03호선,가락시장,340.0,37.492522,127.118234,서울특별시,송파구,가락1동
03호선,경찰병원,341.0,37.495918,127.12454,서울특별시,송파구,가락2동
03호선,오금,342.0,37.502162,127.128111,서울특별시,송파구,오금동
03호선,원당,1951.0,37.653324,126.843041,경기도,고양시 덕양구,성사1동
03호선,대곡,1953.0,37.631626,126.811024,경기도,고양시 덕양구,능곡동
03호선,백석,1954.0,37.643114,126.78787,경기도,고양시 일산동구,백석2동
03호선,마두,1955.0,37.652206,126.77762,경기도,고양시 일산동구,마두2동
03호선,정발산,1956.0,37.659477,126.773359,경기도,고양시 일산동구,장항2동
03호선,주엽,1957.0,37.670072,126.761334,경기도,고양시 일산서구,주엽1동
03호선,대화,1958.0,37.676087,126.747569,경기도,고양시 일산서구,대화동
03호선,원흥,1948.0,37.650658,126.872642,경기도,고양시 덕양구,삼송2동
03호선,삼송,1950.0,37.653083,126.895558,경기도,고양시 덕양구,삼송1동
03호선,약수,323.0,37.55434,127.010655,서울특별시,중구,약수동
03호선,충무로,321.0,37.561243,126.99428,서울특별시,중구,필동
03호선,화정,1952.0,37.634592,126.83265,경기도,고양시 덕양구,화정2동
04호선,남태령,434.0,37.463873,126.989134,서울특별시,서초구,방배2동
04호선,금정,1458.0,37.372221,126.943429,경기도,군포시,금정동
04호선,당고개,409.0,37.670272,127.079066,서울특별시,노원구,상계3.4동
04호선,상계,410.0,37.660878,127.073572,서울특별시,노원구,상계5동
04호선,노원,411.0,37.655128,127.061368,서울특별시,노원구,상계2동
04호선,창동,412.0,37.653166,127.047731,서울특별시,도봉구,창5동
04호선,쌍문,413.0,37.648627,127.034709,서울특별시,도봉구,창1동
04호선,수유,414.0,37.638052,127.025732,서울특별시,강북구,번1동
04호선,미아,415.0,37.62667,127.025983,서울특별시,강북구,미아동
04호선,미아사거리,416.0,37.613292,127.030053,서울특별시,강북구,송중동
04호선,길음,417.0,37.603407,127.025053,서울특별시,성북구,길음1동
04호선,성신여대입구,418.0,37.592624,127.016403,서울특별시,성북구,삼선동
04호선,한성대입구,419.0,37.588458,127.006221,서울특별시,성북구,삼선동
04호선,혜화,420.0,37.582336,127.001844,서울특별시,종로구,혜화동
04호선,동대문,421.0,37.57142,127.009745,서울특별시,종로구,종로5.6가동
04호선,동대문역사문화공원,422.0,37.565138,127.007896,서울특별시,중구,광희동
04호선,충무로,423.0,37.561243,126.99428,서울특별시,중구,필동
04호선,명동,424.0,37.560989,126.986325,서울특별시,중구,명동
04호선,회현,425.0,37.558514,126.978246,서울특별시,중구,회현동
04호선,서울,426.0,37.554648,126.972559,서울특별시,중구,회현동
04호선,숙대입구,427.0,37.54456,126.972106,서울특별시,용산구,남영동
04호선,삼각지,428.0,37.534777,126.97311,서울특별시,용산구,한강로동
04호선,신용산,429.0,37.52917,126.967894,서울특별시,용산구,한강로동
04호선,동작,431.0,37.502971,126.979306,서울특별시,동작구,사당2동
04호선,총신대입구,432.0,37.486263,126.981989,서울특별시,동작구,사당2동
04호선,사당,433.0,37.47653,126.981685,서울특별시,관악구,남현동
04호선,경마공원,1451.0,37.443885,127.007888,경기도,과천시,과천동
04호선,대공원,1452.0,37.435675,127.006523,경기도,과천시,문원동
04호선,과천,1453.0,37.433021,126.996568,경기도,과천시,별양동
04호선,정부과천청사,1454.0,37.426513,126.98978,경기도,과천시,중앙동
04호선,인덕원,1455.0,37.401553,126.976715,경기도,안양시 동안구,관양2동
04호선,평촌,1456.0,37.394287,126.963883,경기도,안양시 동안구,부림동
04호선,범계,1457.0,37.389793,126.950806,경기도,안양시 동안구,범계동
04호선,선바위,1450.0,37.451673,127.002303,경기도,과천시,과천동
04호선,산본,1751.0,37.358101,126.933274,경기도,군포시,광정동
04호선,대야미,1752.0,37.328467,126.917332,경기도,군포시,대야동
04호선,반월,1753.0,37.312212,126.903524,경기도,안산시 상록구,반월동
04호선,상록수,1754.0,37.302795,126.866489,경기도,안산시 상록구,본오3동
04호선,한대앞,1755.0,37.309689,126.85344,경기도,안산시 상록구,이동
04호선,중앙,1756.0,37.315941,126.838573,경기도,안산시 단원구,호수동
04호선,고잔,1757.0,37.316777,126.823249,경기도,안산시 단원구,호수동
04호선,초지,1758.0,37.320646,126.805913,경기도,안산시 단원구,초지동
04호선,안산,1759.0,37.327082,126.788532,경기도,안산시 단원구,원곡동
04호선,신길온천,1760.0,37.338212,126.765844,경기도,안산시 단원구,신길동
04호선,정왕,1761.0,37.351735,126.742989,경기도,시흥시,정왕본동
04호선,오이도,1762.0,37.362357,126.738714,경기도,시흥시,정왕본동
04호선,수리산,1763.0,37.349801,126.925365,경기도,군포시,수리동
04호선,이촌,430.0,37.522272,126.974345,서울특별시,용산구,한강로동
05호선,종로3가,2535.0,37.571607,126.991806,서울특별시,종로구,종로1.2.3.4가동
05호선,둔촌동,2555.0,37.527788,127.136248,서울특별시,강동구,성내3동
05호선,올림픽공원,2556.0,37.516078,127.130848,서울특별시,송파구,오륜동
05호선,미사,2563.0,,,,,
05호선,하남풍산,2564.0,,,,,
05호선,방화,2511.0,37.577446,126.812741,서울특별시,강서구,방화3동
05호선,개화산,2512.0,37.572399,126.806171,서울특별시,강서구,방화2동
05호선,김포공항,2513.0,37.562434,126.801058,서울특별시,강서구,방화2동
05호선,송정,2514.0,37.561184,126.811973,서울특별시,강서구,공항동
05호선,마곡,2515.0,37.560183,126.825448,서울특별시,강서구,공항동
05호선,애오개,2531.0,37.553736,126.95682,서울특별시,마포구,아현동
05호선,서대문,2533.0,37.565773,126.966641,서울특별시,서대문구,충현동
05호선,광화문,2534.0,37.571026,126.976669,서울특별시,종로구,사직동
05호선,충정로,2532.0,37.559973,126.963672,서울특별시,서대문구,충현동
05호선,왕십리,2541.0,37.561533,127.037732,서울특별시,성동구,행당1동
05호선,발산,2516.0,37.558598,126.837668,서울특별시,강서구,발산1동
05호선,우장산,2517.0,37.548768,126.836318,서울특별시,강서구,발산1동
05호선,화곡,2518.0,37.541513,126.840461,서울특별시,강서구,화곡1동
05호선,까치산,2519.0,37.531768,126.846683,서울특별시,강서구,화곡1동
05호선,신정,2520.0,37.524997,126.856191,서울특별시,양천구,신정4동
05호선,목동,2521.0,37.526065,126.864931,서울특별시,양천구,목1동
05호선,오목교,2522.0,37.524496,126.875181,서울특별시,양천구,목1동
05호선,양평,2523.0,37.492832,127.491814,경기도,양평군,양평읍
05호선,영등포구청,2524.0,37.52497,126.895951,서울특별시,영등포구,당산1동
05호선,영등포시장,2525.0,37.522669,126.905139,서울특별시,영등포구,영등포동
05호선,신길,2526.0,37.517122,126.917169,서울특별시,영등포구,신길1동
05호선,여의도,2527.0,37.521624,126.924191,서울특별시,영등포구,여의동
05호선,여의나루,2528.0,37.527098,126.932901,서울특별시,영등포구,여의동
05호선,마포,2529.0,37.539574,126.945932,서울특별시,마포구,도화동
05호선,공덕,2530.0,37.544018,126.951592,서울특별시,마포구,공덕동
05호선,을지로4가,2536.0,37.566941,126.998079,서울특별시,중구,을지로동
05호선,신금호,2539.0,37.554548,127.020331,서울특별시,성동구,금호1가동
05호선,행당,2540.0,37.557322,127.029476,서울특별시,성동구,행당2동
05호선,마장,2542.0,37.5661,127.042973,서울특별시,성동구,마장동
05호선,답십리,2543.0,37.566747,127.052704,서울특별시,성동구,용답동
05호선,장한평,2544.0,37.56144,127.064623,서울특별시,성동구,용답동
05호선,군자,2545.0,37.557121,127.079542,서울특별시,광진구,능동
05호선,아차산,2546.0,37.551691,127.089761,서울특별시,광진구,구의2동
05호선,광나루,2547.0,37.545303,127.10357,서울특별시,광진구,광장동
05호선,천호,2548.0,37.538397,127.123572,서울특별시,강동구,성내2동
05호선,강동,2549.0,37.535804,127.132481,서울특별시,강동구,성내2동
05호선,길동,2550.0,37.537801,127.140004,서울특별시,강동구,길동
05호선,굽은다리,2551.0,37.545477,127.142853,서울특별시,강동구,천호1동
05호선,명일,2552.0,37.55137,127.143999,서울특별시,강동구,명일1동
05호선,고덕,2553.0,37.555004,127.154151,서울특별시,강동구,명일2동
05호선,상일동,2554.0,37.556712,127.166417,서울특별시,강동구,상일1동
05호선,방이,2557.0,37.508857,127.126133,서울특별시,송파구,방이1동
05호선,오금,2558.0,37.502162,127.128111,서울특별시,송파구,오금동
05호선,개롱,2559.0,37.498079,127.13482,서울특별시,송파구,가락2동
05호선,거여,2560.0,37.493105,127.14415,서울특별시,송파구,거여1동
05호선,마천,2561.0,37.49499,127.152781,서울특별시,송파구,마천1동
05호선,동대문역사문화공원,2537.0,37.565138,127.007896,서울특별시,중구,광희동
05호선,청구,2538.0,37.560245,127.013828,서울특별시,중구,동화동
06호선,망원,2622.0,37.556094,126.910052,서울특별시,마포구,망원1동
06호선,합정,2623.0,37.549463,126.913739,서울특별시,마포구,합정동
06호선,상수,2624.0,37.547716,126.922852,서울특별시,마포구,서강동
06호선,광흥창,2625.0,37.547456,126.931993,서울특별시,마포구,서강동
06호선,대흥,2626.0,37.547771,126.942069,서울특별시,마포구,대흥동
06호선,버티고개,2633.0,37.548013,127.007055,서울특별시,중구,약수동
06호선,약수,2634.0,37.55434,127.010655,서울특별시,중구,약수동
06호선,청구,2635.0,37.560245,127.013828,서울특별시,중구,동화동
06호선,신당,2636.0,37.565972,127.01782,서울특별시,중구,신당동
06호선,응암,2611.0,37.598605,126.915577,서울특별시,은평구,신사1동
06호선,역촌,2612.0,37.606021,126.922744,서울특별시,은평구,녹번동
06호선,불광,2613.0,37.610469,126.929887,서울특별시,은평구,대조동
06호선,독바위,2614.0,37.618456,126.933031,서울특별시,은평구,불광1동
06호선,연신내,2615.0,37.619001,126.921008,서울특별시,은평구,갈현1동
06호선,구산,2616.0,37.611377,126.91727,서울특별시,은평구,대조동
06호선,새절,2617.0,37.591148,126.913629,서울특별시,은평구,신사2동
06호선,증산,2618.0,37.583876,126.909645,서울특별시,은평구,증산동
06호선,디지털미디어시티,2619.0,37.576646,126.900984,서울특별시,마포구,상암동
06호선,월드컵경기장,2620.0,37.569532,126.899298,서울특별시,마포구,성산2동
06호선,마포구청,2621.0,37.563515,126.903343,서울특별시,마포구,성산2동
06호선,공덕,2627.0,37.544018,126.951592,서울특별시,마포구,공덕동
06호선,효창공원앞,2628.0,37.539261,126.961351,서울특별시,용산구,효창동
06호선,삼각지,2629.0,37.534777,126.97311,서울특별시,용산구,한강로동
06호선,녹사평,2630.0,37.534675,126.986695,서울특별시,용산구,용산2가동
06호선,이태원,2631.0,37.534488,126.994302,서울특별시,용산구,이태원1동
06호선,한강진,2632.0,37.539631,127.001725,서울특별시,용산구,한남동
06호선,동묘앞,2637.0,37.572627,127.016429,서울특별시,종로구,숭인2동
06호선,창신,2638.0,37.579661,127.015241,서울특별시,종로구,창신3동
06호선,보문,2639.0,37.585286,127.019381,서울특별시,성북구,보문동
06호선,안암,2640.0,37.586272,127.029005,서울특별시,성북구,안암동
06호선,고려대,2641.0,37.590508,127.036296,서울특별시,동대문구,제기동
06호선,월곡,2642.0,37.601948,127.041518,서울특별시,성북구,월곡2동
06호선,상월곡,2643.0,37.606377,127.048491,서울특별시,성북구,월곡2동
06호선,돌곶이,2644.0,37.610537,127.056431,서울특별시,성북구,석관동
06호선,석계,2645.0,37.614805,127.065851,서울특별시,성북구,석관동
06호선,태릉입구,2646.0,37.617983,127.07512,서울특별시,노원구,공릉1동
06호선,화랑대,2647.0,37.620064,127.084689,서울특별시,노원구,공릉2동
06호선,봉화산,2648.0,37.617283,127.091401,서울특별시,중랑구,신내2동
06호선,신내,2649.0,37.612887,127.103218,서울특별시,중랑구,망우본동
07호선,군자,2727.0,37.557121,127.079542,서울특별시,광진구,능동
07호선,강남구청,2732.0,37.517186,127.04128,서울특별시,강남구,논현2동
07호선,학동,2733.0,37.514229,127.031656,서울특별시,강남구,논현2동
07호선,논현,2734.0,37.511093,127.021415,서울특별시,강남구,논현1동
07호선,반포,2735.0,37.508178,127.011727,서울특별시,서초구,반포1동
07호선,고속터미널,2736.0,37.50481,127.004943,서울특별시,서초구,반포4동
07호선,내방,2737.0,37.487618,126.993513,서울특별시,서초구,방배1동
07호선,이수,2738.0,37.486263,126.981989,서울특별시,동작구,사당2동
07호선,까치울,2753.0,37.506207,126.810939,경기도,부천시,부천동
07호선,부천종합운동장,2754.0,37.50538,126.797337,경기도,부천시,부천동
07호선,춘의,2755.0,37.503663,126.787036,경기도,부천시,부천동
07호선,부평구청,2761.0,37.508336,126.720548,인천광역시,부평구,청천2동
07호선,사가정,2724.0,37.580894,127.088478,서울특별시,중랑구,면목제3.8동
07호선,용마산,2725.0,37.573647,127.086727,서울특별시,중랑구,면목4동
07호선,중곡,2726.0,37.565923,127.08432,서울특별시,광진구,중곡3동
07호선,어린이대공원,2728.0,37.548014,127.074658,서울특별시,광진구,능동
07호선,남성,2739.0,37.484596,126.971251,서울특별시,동작구,사당4동
07호선,숭실대입구,2740.0,37.496029,126.953822,서울특별시,동작구,상도1동
07호선,상도,2741.0,37.502834,126.94791,서울특별시,동작구,상도1동
07호선,장승배기,2742.0,37.504898,126.93915,서울특별시,동작구,상도2동
07호선,신대방삼거리,2743.0,37.499701,126.928276,서울특별시,동작구,대방동
07호선,보라매,2744.0,37.499872,126.920428,서울특별시,동작구,대방동
07호선,신풍,2745.0,37.50008,126.90993,서울특별시,영등포구,신길6동
07호선,대림,2746.0,37.49297,126.895801,서울특별시,영등포구,대림3동
07호선,남구로,2747.0,37.486056,126.887249,서울특별시,구로구,구로3동
07호선,가산디지털단지,2748.0,37.481072,126.882343,서울특별시,금천구,가산동
07호선,철산,2749.0,37.47605,126.867911,경기도,광명시,철산3동
07호선,광명사거리,2750.0,37.479252,126.854876,경기도,광명시,광명4동
07호선,천왕,2751.0,37.486637,126.838713,서울특별시,구로구,오류2동
07호선,온수,2752.0,37.492258,126.823388,서울특별시,구로구,수궁동
07호선,장암,2711.0,37.700109,127.053196,경기도,의정부시,장암동
07호선,중화,2721.0,37.602545,127.079264,서울특별시,중랑구,중화2동
07호선,상봉,2722.0,37.596362,127.085032,서울특별시,중랑구,상봉1동
07호선,면목,2723.0,37.588579,127.087503,서울특별시,중랑구,면목본동
07호선,건대입구,2729.0,37.540693,127.07023,서울특별시,광진구,화양동
07호선,뚝섬유원지,2730.0,37.53154,127.066704,서울특별시,광진구,자양3동
07호선,청담,2731.0,37.519365,127.05335,서울특별시,강남구,삼성1동
07호선,도봉산,2712.0,37.689313,127.046222,서울특별시,도봉구,도봉2동
07호선,수락산,2713.0,37.67785,127.055315,서울특별시,노원구,상계1동
07호선,마들,2714.0,37.66494,127.057675,서울특별시,노원구,상계8동
07호선,노원,2715.0,37.655128,127.061368,서울특별시,노원구,상계2동
07호선,중계,2716.0,37.644583,127.064303,서울특별시,노원구,중계2.3동
07호선,하계,2717.0,37.636352,127.06799,서울특별시,노원구,하계2동
07호선,공릉,2718.0,37.625742,127.072896,서울특별시,노원구,공릉1동
07호선,태릉입구,2719.0,37.617983,127.07512,서울특별시,노원구,공릉1동
07호선,먹골,2720.0,37.610637,127.077725,서울특별시,중랑구,묵2동
07호선,신중동,2756.0,37.503048,126.77596,경기도,부천시,신중동
07호선,부천시청,2757.0,37.504631,126.763538,경기도,부천시,신중동
07호선,상동,2758.0,37.505781,126.753083,경기도,부천시,상동
07호선,삼산체육관,2759.0,37.506411,126.742153,인천광역시,부평구,부개3동
07호선,굴포천,2760.0,37.506997,126.73128,인천광역시,부평구,삼산2동
08호선,암사,2811.0,37.55021,127.127562,서울특별시,강동구,암사2동
08호선,천호,2812.0,37.538397,127.123572,서울특별시,강동구,성내2동
08호선,강동구청,2813.0,37.530341,127.120508,서울특별시,강동구,성내1동
08호선,몽촌토성,2814.0,37.517409,127.112359,서울특별시,송파구,방이2동
08호선,잠실,2815.0,37.51395,127.102234,서울특별시,송파구,잠실6동
08호선,신흥,2825.0,37.440918,127.147564,경기도,성남시 중원구,중앙동
08호선,수진,2826.0,37.437428,127.140722,경기도,성남시 중원구,성남동
08호선,모란,2827.0,37.43213,127.129087,경기도,성남시 중원구,성남동
08호선,석촌,2816.0,37.505431,127.106979,서울특별시,송파구,석촌동
08호선,송파,2817.0,37.499703,127.112183,서울특별시,송파구,가락1동
08호선,가락시장,2818.0,37.492522,127.118234,서울특별시,송파구,가락1동
08호선,문정,2819.0,37.485855,127.1225,서울특별시,송파구,문정2동
08호선,장지,2820.0,37.478703,127.126191,서울특별시,송파구,문정2동
08호선,복정,2821.0,37.470047,127.126662,서울특별시,송파구,문정2동
08호선,산성,2822.0,37.457122,127.149908,경기도,성남시 수정구,복정동
08호선,남한산성입구,2823.0,37.451535,127.159816,경기도,성남시 수정구,단대동
08호선,단대오거리,2824.0,37.44521,127.156866,경기도,성남시 수정구,단대동
09호선,석촌고분,4132.0,,,,,
09호선,석촌,4133.0,37.505431,127.106979,서울특별시,송파구,석촌동
09호선,송파나루,4134.0,,,,,
09호선,한성백제,4135.0,,,,,
09호선,올림픽공원,4136.0,37.516078,127.130848,서울특별시,송파구,오륜동
09호선,둔촌오륜,4137.0,,,,,
09호선,선정릉,4127.0,37.51098,127.043593,서울특별시,강남구,논현2동
09호선,삼성중앙,4128.0,37.513011,127.053282,서울특별시,강남구,삼성2동
09호선,봉은사,4129.0,37.514219,127.060245,서울특별시,강남구,삼성1동
09호선,종합운동장,4130.0,37.510997,127.073642,서울특별시,송파구,잠실7동
09호선,삼전,4131.0,,,,,
09호선,중앙보훈병원,4138.0,,,,,
09호선,개화,4101.0,37.578608,126.798153,서울특별시,강서구,방화2동
09호선,김포공항,4102.0,37.562434,126.801058,서울특별시,강서구,방화2동
09호선,공항시장,4103.0,37.563726,126.810678,서울특별시,강서구,공항동
09호선,신방화,4104.0,37.567532,126.816601,서울특별시,강서구,방화1동
09호선,마곡나루,4105.0,37.567336,126.829497,서울특별시,강서구,가양1동
09호선,양천향교,4106.0,37.568381,126.841333,서울특별시,강서구,가양1동
09호선,증미,4108.0,37.557402,126.861939,서울특별시,강서구,등촌1동
09호선,등촌,4109.0,37.550632,126.865689,서울특별시,양천구,목3동
09호선,선유도,4112.0,37.53802,126.893525,서울특별시,영등포구,양평2동
09호선,샛강,4116.0,37.517274,126.928422,서울특별시,영등포구,여의동
09호선,노량진,4117.0,37.514219,126.942454,서울특별시,동작구,노량진1동
09호선,흑석,4119.0,37.50877,126.963708,서울특별시,동작구,흑석동
09호선,구반포,4121.0,37.501364,126.987332,서울특별시,서초구,반포본동
09호선,신반포,4122.0,37.503415,126.995925,서울특별시,서초구,반포2동
09호선,신논현,4125.0,37.504598,127.02506,서울특별시,강남구,역삼1동
09호선,염창,4110.0,37.546936,126.874916,서울특별시,양천구,목2동
09호선,신목동,4111.0,37.544277,126.88308,서울특별시,양천구,목2동
09호선,당산,4113.0,37.53438,126.902281,서울특별시,영등포구,당산2동
09호선,국회의사당,4114.0,37.528105,126.917874,서울특별시,영등포구,여의동
09호선,여의도,4115.0,37.521624,126.924191,서울특별시,영등포구,여의동
09호선,노들,4118.0,37.512887,126.953222,서울특별시,동작구,노량진1동
09호선,동작,4120.0,37.502971,126.979306,서울특별시,동작구,사당2동
09호선,고속터미널,4123.0,37.50481,127.004943,서울특별시,서초구,반포4동
09호선,사평,4124.0,37.504206,127.015259,서울특별시,서초구,반포1동
09호선,가양,4107.0,37.561391,126.854456,서울특별시,강서구,등촌3동
09호선,언주,4126.0,37.507287,127.033868,서울특별시,강남구,역삼1동
경강선,삼동,1503.0,37.409522,127.20336,경기도,광주시,광남1동
경강선,경기광주,1504.0,37.399907,126.630347,인천광역시,연수구,송도2동
경강선,초월,1505.0,37.374419,127.299,경기도,광주시,초월읍
경강선,곤지암,1506.0,37.351315,127.34674,경기도,광주시,곤지암읍
경강선,신둔도예촌,1507.0,37.317185,127.40476,경기도,이천시,신둔면
경강선,이천,1508.0,37.265579,127.44226,경기도,이천시,중리동
경강선,부발,1509.0,37.260192,127.490277,경기도,이천시,부발읍
경강선,여주,1511.0,37.282701,127.628607,경기도,여주시,중앙동
경강선,세종대왕릉,1510.0,37.295309,127.570938,경기도,여주시,세종대왕면
경강선,이매,1502.0,37.396104,127.12827,경기도,성남시 분당구,이매1동
경강선,판교,1501.0,37.394761,127.111217,경기도,성남시 분당구,백현동
경의선,이촌,1008.0,37.522272,126.974345,서울특별시,용산구,한강로동
경의선,서빙고,1009.0,37.519594,126.988537,서울특별시,용산구,서빙고동
경의선,옥수,1011.0,37.540685,127.017965,서울특별시,성동구,옥수동
경의선,왕십리,1013.0,37.561533,127.037732,서울특별시,성동구,행당1동
경의선,청량리,1014.0,37.580178,127.046835,서울특별시,동대문구,전농1동
경의선,중랑,1201.0,37.594917,127.076116,서울특별시,중랑구,중화2동
경의선,상봉,1202.0,37.596362,127.085032,서울특별시,중랑구,상봉1동
경의선,망우,1203.0,37.59955,127.091909,서울특별시,중랑구,상봉1동
경의선,양원,1204.0,37.606596,127.107906,서울특별시,중랑구,망우본동
경의선,구리,1205.0,37.603392,127.143869,경기도,구리시,인창동
경의선,도농,1206.0,37.608806,127.161153,경기도,남양주시,다산1동
경의선,양정,1207.0,37.60533,127.19364,경기도,남양주시,양정동
경의선,덕소,1208.0,37.586781,127.208832,경기도,남양주시,와부읍
경의선,도심,1209.0,37.579622,127.222672,경기도,남양주시,와부읍
경의선,팔당,1210.0,37.547371,127.243939,경기도,남양주시,와부읍
경의선,운길산,1211.0,37.554669,127.310115,경기도,남양주시,조안면
경의선,양수,1212.0,37.545981,127.329098,경기도,양평군,양서면
경의선,신원,1213.0,37.525545,127.372921,경기도,양평군,양서면
경의선,응봉,1012.0,37.549946,127.034538,서울특별시,성동구,응봉동
경의선,국수,1214.0,37.516169,127.399367,경기도,양평군,양서면
경의선,아신,1215.0,37.51382,127.443173,경기도,양평군,옥천면
경의선,오빈,1216.0,37.506062,127.473868,경기도,양평군,양평읍
경의선,양평,1217.0,37.492832,127.491814,경기도,양평군,양평읍
경의선,원덕,1218.0,37.468672,127.547076,경기도,양평군,양평읍
경의선,용문,1219.0,37.48223,127.594647,경기도,양평군,용문면
경의선,지평,1220.0,37.476444,127.629617,경기도,양평군,지평면
경의선,서울,1251.0,37.554648,126.972559,서울특별시,중구,회현동
경의선,신촌,1252.0,37.555134,126.936893,서울특별시,서대문구,신촌동
경의선,효창공원앞,1261.0,37.539261,126.961351,서울특별시,용산구,효창동
경의선,공덕,1262.0,37.544018,126.951592,서울특별시,마포구,공덕동
경의선,홍대입구,1264.0,37.557192,126.925381,서울특별시,마포구,서교동
경의선,수색,1267.0,37.580842,126.895611,서울특별시,은평구,수색동
경의선,화전,1268.0,37.602888,126.868387,경기도,고양시 덕양구,대덕동
경의선,강매,1269.0,37.612314,126.843223,경기도,고양시 덕양구,행신2동
경의선,행신,1270.0,37.612102,126.834146,경기도,고양시 덕양구,행신2동
경의선,능곡,1271.0,37.618808,126.820783,경기도,고양시 덕양구,능곡동
경의선,곡산,1272.0,37.645676,126.801762,경기도,고양시 일산동구,백석1동
경의선,풍산,1274.0,37.672346,126.786243,경기도,고양시 일산동구,풍산동
경의선,일산,1275.0,37.682077,126.769846,경기도,고양시 일산서구,일산2동
경의선,탄현,1276.0,37.694023,126.761086,경기도,고양시 일산서구,탄현1동
경의선,운정,1278.0,37.725826,126.767257,경기도,파주시,운정1동
경의선,금릉,1279.0,37.751322,126.765347,경기도,파주시,금촌2동
경의선,월롱,1282.0,37.796188,126.792587,경기도,파주시,월롱면
경의선,파주,1283.0,37.815298,126.792783,경기도,파주시,파주읍
경의선,문산,1284.0,37.854619,126.788047,경기도,파주시,문산읍
경의선,임진강,1285.0,,,,,
경의선,서강대,1263.0,37.551881,126.935711,서울특별시,마포구,대흥동
경의선,백마,1273.0,37.658239,126.794461,경기도,고양시 일산동구,마두1동
경의선,야당,1277.0,37.712327,126.761356,경기도,파주시,운정3동
경의선,금촌,1280.0,37.766217,126.774644,경기도,파주시,금촌3동
경의선,디지털미디어시티,1266.0,37.576646,126.900984,서울특별시,마포구,상암동
경의선,대곡,300.0,37.631626,126.811024,경기도,고양시 덕양구,능곡동
경의선,한남,1010.0,37.52943,127.009169,서울특별시,용산구,한남동
경의선,용산,,37.529849,126.964561,서울특별시,용산구,한강로동
경의선,회기,,37.58946,127.057583,서울특별시,동대문구,휘경1동
경의선,가좌,1265.0,37.568491,126.915487,서울특별시,서대문구,남가좌1동
경춘선,광운대,1305.0,37.623632,127.061835,서울특별시,노원구,월계1동
경춘선,청량리,1306.0,37.580178,127.046835,서울특별시,동대문구,전농1동
경춘선,회기,1307.0,37.58946,127.057583,서울특별시,동대문구,휘경1동
경춘선,상봉,1309.0,37.596362,127.085032,서울특별시,중랑구,상봉1동
경춘선,망우,1310.0,37.59955,127.091909,서울특별시,중랑구,상봉1동
경춘선,신내,1311.0,37.612887,127.103218,서울특별시,중랑구,망우본동
경춘선,갈매,1312.0,37.634118,127.114757,경기도,구리시,갈매동
경춘선,별내,1313.0,37.64202,127.12684,경기도,남양주시,별내동
경춘선,퇴계원,1314.0,37.648311,127.143952,경기도,남양주시,퇴계원읍
경춘선,사릉,1315.0,37.65108,127.176933,경기도,남양주시,진건읍
경춘선,평내호평,1317.0,37.653225,127.244493,경기도,남양주시,평내동
경춘선,마석,1319.0,37.652782,127.311767,경기도,남양주시,화도읍
경춘선,대성리,1320.0,37.684071,127.379319,경기도,가평군,청평면
경춘선,청평,1321.0,37.735488,127.42661,경기도,가평군,청평면
경춘선,상천,1322.0,37.770246,127.454821,경기도,가평군,청평면
경춘선,가평,1323.0,37.814536,127.510739,경기도,가평군,가평읍
경춘선,굴봉산,1324.0,37.832067,127.557695,강원도,춘천시,남산면
경춘선,백양리,1325.0,37.830779,127.58933,강원도,춘천시,남산면
경춘선,강촌,1326.0,37.805723,127.634146,강원도,춘천시,남산면
경춘선,김유정,1327.0,37.818466,127.71434,강원도,춘천시,신동면
경춘선,남춘천,1328.0,37.864007,127.723792,강원도,춘천시,퇴계동
경춘선,금곡,1316.0,37.637382,127.207853,경기도,남양주시,금곡동
경춘선,천마산,1318.0,37.658978,127.285379,경기도,남양주시,화도읍
경춘선,춘천,1329.0,37.885054,127.717023,강원도,춘천시,근화동
경춘선,중랑,1308.0,37.594917,127.076116,서울특별시,중랑구,중화2동
공항철도,김포공항,4207.0,37.562434,126.801058,서울특별시,강서구,방화2동
공항철도,계양,4208.0,37.571462,126.735637,인천광역시,계양구,계양1동
공항철도,마곡나루,4206.0,37.567336,126.829497,서울특별시,강서구,가양1동
공항철도,검암,4209.0,37.569104,126.673728,인천광역시,서구,검암경서동
공항철도,서울,4201.0,37.554648,126.972559,서울특별시,중구,회현동
공항철도,공덕,4202.0,37.544018,126.951592,서울특별시,마포구,공덕동
공항철도,홍대입구,4203.0,37.557192,126.925381,서울특별시,마포구,서교동
공항철도,디지털미디어시티,4204.0,37.576646,126.900984,서울특별시,마포구,상암동
공항철도,청라국제도시,4210.0,37.555878,126.625327,인천광역시,서구,청라3동
공항철도,운서,4211.0,37.492904,126.49379,인천광역시,중구,운서동
공항철도,공항화물청사,4212.0,37.458366,126.476241,인천광역시,중구,운서동
공항철도,인천공항1터미널,4213.0,,,,,
공항철도,인천공항2터미널,4215.0,,,,,
공항철도,영종,4217.0,37.511466,126.5237,인천광역시,중구,영종동
김포도시철도,양촌,4920.0,,,,,
김포도시철도,구래,4921.0,,,,,
김포도시철도,마산,4922.0,,,,,
김포도시철도,장기,4923.0,,,,,
김포도시철도,운양,4924.0,,,,,
김포도시철도,걸포북변,4925.0,,,,,
김포도시철도,사우,4926.0,,,,,
김포도시철도,풍무,4927.0,,,,,
김포도시철도,고촌,4928.0,,,,,
김포도시철도,김포공항,4929.0,37.562434,126.801058,서울특별시,강서구,방화2동
분당선,선릉,1023.0,37.504503,127.049008,서울특별시,강남구,대치4동
분당선,한티,1024.0,37.496237,127.052873,서울특별시,강남구,도곡2동
분당선,도곡,1025.0,37.490858,127.055381,서울특별시,강남구,도곡2동
분당선,구룡,1026.0,37.486839,127.058856,서울특별시,강남구,개포2동
분당선,개포동,1027.0,37.489116,127.06614,서울특별시,강남구,개포2동
분당선,대모산입구,1028.0,37.491373,127.07272,서울특별시,강남구,개포2동
분당선,왕십리,,37.561533,127.037732,서울특별시,성동구,행당1동
분당선,수서,1030.0,37.487371,127.10188,서울특별시,강남구,수서동
분당선,복정,1031.0,37.470047,127.126662,서울특별시,송파구,문정2동
분당선,서울숲,1847.0,37.543617,127.044707,서울특별시,성동구,성수1가1동
분당선,압구정로데오,1848.0,37.527381,127.040534,서울특별시,강남구,압구정동
분당선,강남구청,1849.0,37.517186,127.04128,서울특별시,강남구,논현2동
분당선,선정릉,1850.0,37.51098,127.043593,서울특별시,강남구,논현2동
분당선,가천대,1851.0,37.448605,127.126697,경기도,성남시 수정구,태평1동
분당선,태평,1852.0,37.440019,127.127709,경기도,성남시 수정구,태평1동
분당선,모란,1853.0,37.43213,127.129087,경기도,성남시 중원구,성남동
분당선,야탑,1854.0,37.411185,127.128715,경기도,성남시 분당구,야탑1동
분당선,서현,1855.0,37.385126,127.123592,경기도,성남시 분당구,서현1동
분당선,수내,1856.0,37.378455,127.114322,경기도,성남시 분당구,수내1동
분당선,정자,1857.0,37.36706,127.108105,경기도,성남시 분당구,정자동
분당선,미금,1858.0,37.350077,127.10891,경기도,성남시 분당구,금곡동
분당선,이매,1860.0,37.396104,127.12827,경기도,성남시 분당구,이매1동
분당선,신갈,1864.0,37.286102,127.111313,경기도,용인시 기흥구,신갈동
분당선,상갈,1866.0,37.26181,127.108847,경기도,용인시 기흥구,상갈동
분당선,청명,1867.0,37.259489,127.078934,경기도,수원시 영통구,영통1동
분당선,영통,1868.0,37.251568,127.071394,경기도,수원시 영통구,영통3동
분당선,망포,1869.0,37.245795,127.057353,경기도,수원시 영통구,영통2동
분당선,매탄권선,1870.0,37.252759,127.040566,경기도,수원시 영통구,매탄3동
분당선,수원시청,1871.0,37.261911,127.030736,경기도,수원시 권선구,권선1동
분당선,매교,1872.0,37.265481,127.015678,경기도,수원시 팔달구,매교동
분당선,구성,1863.0,37.298969,127.105664,경기도,용인시 기흥구,마북동
분당선,청량리,1845.0,37.580178,127.046835,서울특별시,동대문구,전농1동
분당선,보정,1861.0,37.312752,127.108196,경기도,용인시 기흥구,보정동
분당선,오리,1859.0,37.339824,127.108942,경기도,성남시 분당구,구미동
분당선,죽전,1862.0,37.324753,127.107395,경기도,용인시 수지구,죽전2동
분당선,기흥,1865.0,37.275619,127.115936,경기도,용인시 기흥구,구갈동
분당선,수원,1846.0,37.265974,126.999874,경기도,수원시 팔달구,매산동
서해선,소사,4804.0,37.482753,126.79544,경기도,부천시,소사본동
서해선,소새울,4805.0,,,,,
서해선,시흥대야,4806.0,,,,,
서해선,신천,4807.0,,,,,
서해선,신현,4808.0,,,,,
서해선,시흥시청,4809.0,,,,,
서해선,시흥능곡,4810.0,,,,,
서해선,달미,4811.0,,,,,
서해선,선부,4812.0,,,,,
서해선,초지,4813.0,37.320646,126.805913,경기도,안산시 단원구,초지동
서해선,원곡,4814.0,,,,,
서해선,원시,4815.0,,,,,
수인선,오이도,1800.0,37.362357,126.738714,경기도,시흥시,정왕본동
수인선,달월,1878.0,37.379681,126.745177,경기도,시흥시,월곶동
수인선,월곶,1879.0,37.391769,126.742699,경기도,시흥시,월곶동
수인선,소래포구,1880.0,37.40095,126.733522,인천광역시,남동구,논현고잔동
수인선,인천논현,1881.0,37.400614,126.722478,인천광역시,남동구,논현고잔동
수인선,호구포,1882.0,37.401637,126.708627,인천광역시,남동구,논현2동
수인선,남동인더스파크,1883.0,37.407722,126.695216,인천광역시,남동구,논현고잔동
수인선,원인재,1884.0,37.412603,126.687389,인천광역시,연수구,연수2동
수인선,연수,1885.0,37.417804,126.67894,인천광역시,연수구,연수2동
수인선,송도,1886.0,37.428514,126.657772,인천광역시,연수구,옥련2동
수인선,인하대,1888.0,37.448493,126.649619,인천광역시,미추홀구,용현5동
수인선,숭의,1889.0,37.460789,126.638297,인천광역시,미추홀구,용현2동
수인선,인천,1891.0,37.476691,126.616936,인천광역시,중구,개항동
수인선,신포,1890.0,37.46874,126.623853,인천광역시,중구,신포동
신분당선,동천,4314.0,37.337928,127.102976,경기도,용인시 수지구,동천동
신분당선,수지구청,4315.0,37.322702,127.095026,경기도,용인시 수지구,풍덕천2동
신분당선,성복,4316.0,37.313335,127.0801,경기도,용인시 수지구,성복동
신분당선,상현,4317.0,37.297664,127.069342,경기도,용인시 수지구,상현3동
신분당선,광교중앙,4318.0,37.288617,127.051478,경기도,수원시 영통구,광교1동
신분당선,정자,4312.0,37.36706,127.108105,경기도,성남시 분당구,정자동
신분당선,미금,4313.0,37.350077,127.10891,경기도,성남시 분당구,금곡동
신분당선,양재시민의숲,4309.0,37.470023,127.03842,서울특별시,서초구,양재2동
신분당선,판교,4311.0,37.394761,127.111217,경기도,성남시 분당구,백현동
신분당선,광교,4319.0,37.30211,127.044483,경기도,수원시 영통구,광교1동
신분당선,강남,4307.0,37.497175,127.027926,서울특별시,서초구,서초2동
신분당선,양재,4308.0,37.484147,127.034631,서울특별시,서초구,양재1동
신분당선,청계산입구,4310.0,37.447211,127.055664,서울특별시,서초구,양재2동
용인경전철,강남대,4502.0,37.270161,127.126033,경기도,용인시 기흥구,구갈동
용인경전철,지석,4503.0,37.269606,127.136515,경기도,용인시 기흥구,상하동
용인경전철,어정,4504.0,37.274917,127.143714,경기도,용인시 기흥구,상하동
용인경전철,동백,4505.0,37.269043,127.152716,경기도,용인시 기흥구,동백2동
용인경전철,초당,4506.0,37.260752,127.159443,경기도,용인시 기흥구,동백2동
용인경전철,시청.용인대,4509.0,37.239151,127.178406,경기도,용인시 처인구,삼가동
용인경전철,명지대,4510.0,37.237964,127.190294,경기도,용인시 처인구,역북동
용인경전철,김량장,4511.0,37.237247,127.198781,경기도,용인시 처인구,중앙동
용인경전철,운동장.송담대,4512.0,37.237845,127.209198,경기도,용인시 처인구,중앙동
용인경전철,고진,4513.0,37.24484,127.214251,경기도,용인시 처인구,유림동
용인경전철,보평,4514.0,37.258965,127.218457,경기도,용인시 처인구,유림동
용인경전철,둔전,4515.0,37.267051,127.21364,경기도,용인시 처인구,포곡읍
용인경전철,삼가,4508.0,37.242115,127.168075,경기도,용인시 처인구,삼가동
용인경전철,전대.에버랜드,4517.0,37.285342,127.219561,경기도,용인시 처인구,포곡읍
용인경전철,기흥,4501.0,37.275619,127.115936,경기도,용인시 기흥구,구갈동
우이신설경전철,북한산우이,4701.0,37.663146,127.012789,서울특별시,강북구,우이동
우이신설경전철,솔밭공원,4702.0,37.656088,127.013252,서울특별시,강북구,우이동
우이신설경전철,419민주묘지,4703.0,37.649593,127.013746,서울특별시,강북구,우이동
우이신설경전철,가오리,4704.0,37.641701,127.016792,서울특별시,강북구,수유2동
우이신설경전철,삼양사거리,4707.0,37.621512,127.02048,서울특별시,강북구,송천동
우이신설경전철,솔샘,4708.0,37.62124,127.013528,서울특별시,강북구,삼양동
우이신설경전철,북한산보국문,4709.0,37.612343,127.008009,서울특별시,성북구,정릉4동
우이신설경전철,정릉,4710.0,37.602798,127.01349,서울특별시,성북구,정릉1동
우이신설경전철,성신여대입구,4711.0,37.592624,127.016403,서울특별시,성북구,삼선동
우이신설경전철,보문,4712.0,37.585286,127.019381,서울특별시,성북구,보문동
우이신설경전철,신설동,4713.0,37.575297,127.025087,서울특별시,동대문구,용신동
우이신설경전철,화계,4705.0,37.634802,127.017519,서울특별시,강북구,인수동
우이신설경전철,삼양,4706.0,37.627165,127.018152,서울특별시,강북구,삼양동
의정부경전철,동오,4608.0,37.745271,127.056947,경기도,의정부시,신곡2동
의정부경전철,새말,4609.0,37.748885,127.06362,경기도,의정부시,신곡2동
의정부경전철,경기도청북부청사,4610.0,37.75059,127.071495,경기도,의정부시,신곡2동
의정부경전철,효자,4611.0,37.754025,127.076902,경기도,의정부시,신곡2동
의정부경전철,회룡,4602.0,37.724846,127.046895,경기도,의정부시,호원2동
의정부경전철,범골,4603.0,37.728755,127.04353,경기도,의정부시,호원2동
의정부경전철,경전철의정부,4604.0,37.737202,127.043257,경기도,의정부시,의정부2동
의정부경전철,의정부시청,4605.0,37.739256,127.034781,경기도,의정부시,의정부2동
의정부경전철,흥선,4606.0,37.743302,127.037023,경기도,의정부시,의정부2동
의정부경전철,의정부중앙,4607.0,37.743676,127.049565,경기도,의정부시,의정부1동
의정부경전철,곤제,4612.0,37.750471,127.083715,경기도,의정부시,송산3동
의정부경전철,어룡,4613.0,37.742802,127.085035,경기도,의정부시,송산1동
의정부경전철,발곡,4601.0,37.727048,127.052803,경기도,의정부시,신곡1동
의정부경전철,송산,4614.0,37.737279,127.087159,경기도,의정부시,송산1동
의정부경전철,탑석,4615.0,37.733579,127.088704,경기도,의정부시,송산1동
인천2호선,검단사거리,3203.0,37.60185,126.657108,인천광역시,서구,오류왕길동
인천2호선,인천대공원,3226.0,37.448769,126.752618,인천광역시,남동구,장수서창동
인천2호선,마전,3204.0,37.597566,126.666998,인천광역시,서구,마전동
인천2호선,독정,3206.0,37.585212,126.675844,인천광역시,서구,검암경서동
인천2호선,검바위,3208.0,37.561405,126.677566,인천광역시,서구,검암경서동
인천2호선,서구청,3210.0,37.543742,126.676787,인천광역시,서구,연희동
인천2호선,가정,3211.0,37.524649,126.675539,인천광역시,서구,가정1동
인천2호선,인천가좌,3215.0,37.4897,126.675208,인천광역시,서구,가좌3동
인천2호선,가재울,3216.0,37.484192,126.683673,인천광역시,서구,가좌4동
인천2호선,주안국가산단,3217.0,37.473703,126.68113,인천광역시,미추홀구,주안5동
인천2호선,인천시청,3221.0,37.457405,126.702221,인천광역시,남동구,간석1동
인천2호선,석천사거리,3222.0,37.456805,126.709986,인천광역시,남동구,구월2동
인천2호선,모래내시장,3223.0,37.45583,126.719298,인천광역시,남동구,구월2동
인천2호선,만수,3224.0,37.454911,126.732094,인천광역시,남동구,만수1동
인천2호선,운연,3227.0,37.440127,126.75997,인천광역시,남동구,장수서창동
인천2호선,검암,3207.0,37.569104,126.673728,인천광역시,서구,검암경서동
인천2호선,가정중앙시장,3212.0,37.517054,126.676672,인천광역시,서구,가정1동
인천2호선,석남,3213.0,37.506193,126.676203,인천광역시,서구,석남2동
인천2호선,서부여성회관,3214.0,37.506193,126.676203,인천광역시,서구,석남2동
인천2호선,주안,3218.0,37.464941,126.679923,인천광역시,미추홀구,주안1동
인천2호선,시민공원,3219.0,37.458335,126.681192,인천광역시,미추홀구,주안4동
인천2호선,석바위시장,3220.0,37.457611,126.692575,인천광역시,미추홀구,주안6동
인천2호선,왕길,3202.0,37.59518,126.642696,인천광역시,서구,오류왕길동
인천2호선,완정,3205.0,37.592928,126.673203,인천광역시,서구,당하동
인천2호선,남동구청,3225.0,37.448161,126.736939,인천광역시,남동구,만수6동
인천2호선,아시아드경기장,3209.0,37.5517,126.677122,인천광역시,서구,연희동
인천2호선,검단오류,3201.0,37.594877,126.627178,인천광역시,서구,오류왕길동
인천선,계양,3110.0,37.571462,126.735637,인천광역시,계양구,계양1동
인천선,귤현,3111.0,37.566379,126.742654,인천광역시,계양구,계양3동
인천선,박촌,3112.0,37.553703,126.745077,인천광역시,계양구,계양1동
인천선,임학,3113.0,37.545059,126.738665,인천광역시,계양구,계양2동
인천선,계산,3114.0,37.543238,126.728128,인천광역시,계양구,계산1동
인천선,경인교대입구,3115.0,37.538157,126.722597,인천광역시,계양구,계산1동
인천선,작전,3116.0,37.530415,126.722527,인천광역시,계양구,작전2동
인천선,갈산,3117.0,37.517268,126.721514,인천광역시,부평구,청천2동
인천선,부평구청,3118.0,37.508336,126.720548,인천광역시,부평구,청천2동
인천선,부평시장,3119.0,37.498383,126.722244,인천광역시,부평구,부평1동
인천선,부평,3120.0,37.489493,126.724805,인천광역시,부평구,부평1동
인천선,동수,3121.0,37.485312,126.718247,인천광역시,부평구,부평2동
인천선,부평삼거리,3122.0,37.477679,126.710208,인천광역시,남동구,간석3동
인천선,인천시청,3124.0,37.457405,126.702221,인천광역시,남동구,간석1동
인천선,예술회관,3125.0,37.449396,126.701012,인천광역시,남동구,구월3동
인천선,인천터미널,3126.0,37.442383,126.699706,인천광역시,미추홀구,관교동
인천선,문학경기장,3127.0,37.434935,126.698579,인천광역시,연수구,선학동
인천선,선학,3128.0,37.426684,126.698863,인천광역시,연수구,선학동
인천선,신연수,3129.0,37.41804,126.693863,인천광역시,연수구,연수3동
인천선,원인재,3130.0,37.412603,126.687389,인천광역시,연수구,연수2동
인천선,동춘,3131.0,37.404737,126.681015,인천광역시,연수구,동춘3동
인천선,동막,3132.0,37.397878,126.674005,인천광역시,남동구,논현고잔동
인천선,캠퍼스타운,3133.0,37.387855,126.661673,인천광역시,연수구,송도1동
인천선,테크노파크,3134.0,37.382268,126.656365,인천광역시,연수구,송도1동
인천선,지식정보단지,3135.0,37.378384,126.645168,인천광역시,연수구,송도1동
인천선,인천대입구,3136.0,37.386007,126.639484,인천광역시,연수구,송도4동
인천선,센트럴파크,3137.0,37.393054,126.634729,인천광역시,연수구,송도2동
인천선,국제업무지구,3138.0,37.399907,126.630347,인천광역시,연수구,송도2동
인천선,간석오거리,3123.0,37.467048,126.707938,인천광역시,남동구,간석4동
